<?xml version="1.0" encoding="UTF-8"?>
<project-private xmlns="http://www.netbeans.org/ns/project-private/1">
    <editor-bookmarks xmlns="http://www.netbeans.org/ns/editor-bookmarks/2" lastBookmarkId="0"/>
    <open-files xmlns="http://www.netbeans.org/ns/projectui-open-files/2">
        <group>
            <file>file:/C:/Users/win/Desktop/SWP391/SWP391/src/java/controller/product/ProcessServlet.java</file>
            <file>file:/C:/Users/win/Desktop/SWP391/SWP391/web/cartcontact.jsp</file>
            <file>file:/C:/Users/win/Desktop/SWP391/SWP391/web/cartdetail.jsp</file>
            <file>file:/C:/Users/win/Desktop/SWP391/SWP391/src/java/controller/product/CheckoutServlet.java</file>
            <file>file:/C:/Users/win/Desktop/SWP391/SWP391/src/java/controller/home/HomeServlet.java</file>
            <file>file:/C:/Users/win/Desktop/SWP391/SWP391/src/java/model/Guest.java</file>
        </group>
    </open-files>
</project-private>
