<?xml version="1.0" encoding="UTF-8"?>
<project-private xmlns="http://www.netbeans.org/ns/project-private/1">
    <editor-bookmarks xmlns="http://www.netbeans.org/ns/editor-bookmarks/2" lastBookmarkId="0"/>
    <open-files xmlns="http://www.netbeans.org/ns/projectui-open-files/2">
        <group>
            <file>file:/C:/Users/Admin/Desktop/WorkSpace/summer2022-se1611-g2/SWP391/web/css/post_list.css</file>
            <file>file:/C:/Users/Admin/Desktop/WorkSpace/summer2022-se1611-g2/SWP391/web/js/post_list.js</file>
            <file>file:/C:/Users/Admin/Desktop/WorkSpace/summer2022-se1611-g2/SWP391/web/ckeditor.jsp</file>
        </group>
    </open-files>
</project-private>
